mythologie,type,Nom,Name,description wiki 1,description_fr,Titre (FR),Title (EN),Tags,Physical Description,Canonical Accessory / Symbol,Color,description wiki 2,Midjourney Prompt,midjourney url,category,,
Grècque,Dōdekátheon,Aphrodite,Aphrodite,"déesse de l'amour, de la beauté[1], de la séduction, des plaisirs et de la sexualité[2]. Certains auteurs, comme Hésiode, disent qu'Aphrodite est née du liquide séminal d'Ouranos (le Ciel) qui féconda la mer lorsque ses glandes génitales tombèrent dans l'eau. Hésiode interprète alors le nom","Aphrodite est une divinité d’une beauté hypnotique, irrésistible, capable de susciter le désir et l’émerveillement chez tous ceux qui croisent son regard. Sa personnalité est complexe, tantôt douce, sensuelle et gracieuse, tantôt capricieuse, jalouse et impitoyable envers ceux qui négligent ses charmes ou lui résistent. Elle maîtrise l’art subtil de la séduction, consciente de son pouvoir sur les dieux et les mortels, jouant avec les sentiments comme une danseuse habile.

Aphrodite incarne le plaisir sous toutes ses formes, célébrant l’amour charnel sans culpabilité ni retenue. Elle aime profondément les passions vives, les émotions exaltées, les rencontres furtives et les romances intenses. Elle est guidée par ses désirs et n’hésite pas à provoquer des intrigues amoureuses, tantôt par simple amusement, tantôt par vengeance ou ambition.

Cependant, derrière cette légèreté apparente, elle révèle parfois une mélancolie inattendue, une conscience du caractère éphémère de l’amour, ce qui la pousse à chercher constamment à renouveler l’intensité de ses plaisirs. Jalouse lorsqu’on ignore sa beauté, elle peut punir sévèrement ceux qui osent mépriser ou défier son pouvoir, déclenchant parfois des guerres ou des tragédies passionnelles.

Née de la mer fécondée par le ciel mutilé d’Ouranos, Aphrodite conserve toujours en elle cette origine à la fois céleste et marine, évoquant la fluidité, la transformation, l’envoûtement mystérieux de l’océan. Sa présence est à la fois fascinante et troublante, incarnant parfaitement la dualité de l’amour : doux et amer, lumineux et sombre, source à la fois de bonheur ultime et de souffrance infinie.","Aphrodite, déesse de l'amour","Aphrodite, goddess of love","amour, beauté, désir, séduction, passion, fertilité, romance, charme, jalousie, sensualité, féminité, union, érotisme, mariage, harmonie, tentation","Beautiful, radiant, youthful, irresistible","Dove, mirror, apple, seashell, girdle",Rose pink ,"Dans la religion grecque antique, Aphrodite (en grec ancien : Ἀφροδίτη / Aphrodítē) est la déesse de l'Amour dans son acception la plus large[2].

Sa fête principale, les Aphrodisies, était célébrée chaque année au milieu de l'été. En Laconie, Aphrodite était vénérée comme une déesse guerrière.

Dans la mythologie grecque, Aphrodite est quelquefois mariée à Héphaïstos, dieu du feu, de la forge et de la métallurgie. Les légendes font également part de ses aventures avec de nombreux amants (mais qui ne sont pas tous des dieux), dont notamment Arès, Dionysos et Hermès.

Avec Athéna et Héra, Aphrodite est l'une des trois déesses dont la querelle entraîne le début de la guerre de Troie au cours de laquelle elle joue un rôle majeur.

Plus tard, les Romains ont assimilé Aphrodite à la Vénus de la mythologie romaine.

Aphrodite a été présentée dans l'art occidental comme un symbole de la beauté féminine et elle apparaît dans de nombreuses œuvres artistiques depuis la Renaissance jusqu'à nos jours. ",,https://cdn.midjourney.com/61a700ad-a1f7-4def-b886-675b0e36ca4f/0_1.png,Grècque/Dōdekátheon,,
Grècque,Dōdekátheon,Apollon,Apollo,"dieu de la lumière, du soleil, de la musique, des arts, des soins, de la guérison et de la médecine, des prophéties, de la poésie, de la pureté, des sports et de la beauté. Il est le fils de Zeus, le roi des dieux et de la titanide Léto ainsi que le frère jumeau d'Artémis et le père du dieu de la médecine Asclépios[3].","Apollon incarne l'équilibre parfait entre puissance lumineuse, raffinement artistique et sagesse prophétique. Beau, majestueux et rayonnant, il représente l'idéal grec d'harmonie et de pureté morale. D'un naturel calme, réfléchi et posé, il conserve une aura de sérénité imperturbable, manifestant une assurance tranquille née de sa maîtrise absolue des arts, de la musique et du savoir divin.

Soucieux d'ordre, de clarté et de vérité, Apollon déteste l'obscurité, le mensonge ou la confusion, qu'il s'efforce constamment d'éclaircir grâce à ses dons prophétiques. Sa parole est limpide et tranchante, souvent énigmatique, mais toujours porteuse de révélations profondes. Malgré sa bienveillance générale et son désir d'aider et de guérir les humains, il demeure distant et exigeant, accordant rarement sa faveur sans condition, exigeant des mortels discipline, vertu et respect des règles sacrées.

En tant que dieu de la musique et de la poésie, Apollon exprime ses émotions avec une intensité subtile mais puissante, préférant la finesse, la précision et l'élégance à toute forme d'excès. Il inspire les poètes et les artistes par sa seule présence lumineuse, poussant les humains à atteindre la perfection esthétique et morale.

Sportif et agile, Apollon privilégie les disciplines qui célèbrent l’harmonie du corps et de l’esprit. Sa relation à son entourage est exigeante : généreux envers ceux qui cherchent sincèrement la vérité, mais sévère envers ceux qui s’abandonnent à la démesure ou à l’hybris.

Bien qu’il soit d’une nature bienveillante, une colère froide peut saisir Apollon lorsqu’il est contrarié, devenant alors implacable et sans pitié envers ceux qui violent ses principes sacrés ou insultent son honneur divin. Ainsi, il est à la fois guide lumineux et juge sévère, représentant l'idéal exigeant d'une beauté morale, intellectuelle et physique sans compromis.","Apollon, dieu des arts et du soleil","Apollo, god of arts and the sun","soleil, musique, poésie, prophétie, guérison, arts, beauté, lumière, arc, flèches, harmonie, vérité, médecine, ordre, intellect, divination","Handsome, beardless, athletic youth with long hair","Lyre, laurel wreath, bow and arrows",Golden ,,"Apollo, god of arts and the sun, handsome, athletic, long golden hair, laurel wreath on head, holding a lyre, golden background",https://cdn.midjourney.com/f36b92b6-f661-41e1-a5ca-fbdb16c216cb/0_3.png,Grècque/Dōdekátheon,,
Grècque,Dōdekátheon,Arès,Ares,"dieu de la guerre sanglante, de la violence et de la destruction. Il est le fils de Zeus, le roi des dieux et de son épouse Héra ainsi que le frère d'Héphaïstos, d'Hébé et d'Ilithyie. Il est l'amant de la déesse de l'amour Aphrodite[4].","Arès est impulsif, brutal et impitoyable, incarnant la guerre dans sa dimension la plus sauvage et sanguinaire. Habité par une fureur insatiable, il se réjouit du chaos des champs de bataille, fasciné par la violence pure, l'odeur du sang et le tumulte des combats. Arès agit souvent sous l'impulsion de ses émotions immédiates, animé par la colère, la vengeance et la soif insatiable de domination.

Son tempérament est imprévisible et volatile, oscillant entre arrogance agressive et susceptibilité exacerbée. Peu respecté parmi les dieux, souvent perçu comme cruel et sans honneur, il se soucie peu de stratégie ou de justice, préférant le fracas direct du combat frontal. Pourtant, sous cette brutalité évidente, Arès possède une passion ardente, illustrée par sa liaison tumultueuse avec Aphrodite, révélant chez lui une intensité émotionnelle et une jalousie féroce lorsqu'il s'agit de ceux qu'il désire.

D'une nature instinctive et primitive, il rejette toute forme de modération ou de diplomatie, cherchant constamment à prouver sa supériorité par la force physique ou l'intimidation. Malgré cette apparence rude, Arès est profondément sensible à l'humiliation, susceptible de sombrer dans des accès de rage incontrôlée lorsqu’il se sent méprisé ou rejeté.

Enfin, Arès porte en lui une forme de solitude tragique : constamment recherchant la gloire par la violence, il est condamné à ne trouver qu'une satisfaction éphémère, laissant derrière lui destruction et solitude, éloigné du respect véritable, condamné à inspirer davantage la peur que l’admiration.","Arès, dieu de la guerre","Ares, god of war","guerre, violence, destruction, courage, rage, brutalité, conflit, force, sang, vengeance, chaos, stratégie, agressivité, honneur, peur, massacre","Muscular, bearded or youthful warrior","Spear, helmet, shield, boar",Blood red ,,"Ares, god of war, muscular, youthful warrior, wearing a helmet, holding a spear, crimson hair, blood red background",https://cdn.midjourney.com/adb01a32-4fc1-49dc-82f7-e61fc12bb176/0_0.png,Grècque/Dōdekátheon,,
Grècque,Dōdekátheon,Artémis,Artemis,"déesse de la chasse, des étendues sauvages, des animaux, des jeunes filles (mais plus généralement des jeunes enfants). Associée plus tardivement à la Lune, elle est la fille de Zeus, le roi des dieux, et de la titanide Léto, ainsi que la sœur jumelle d'Apollon[5]. Elle est l'une des trois déesses vierges avec Hestia et Athéna.","Artémis est une divinité farouche, indépendante, et profondément attachée à sa liberté. Elle incarne à la perfection l’esprit sauvage de la nature, préférant les forêts profondes et les montagnes isolées au tumulte des cités ou des assemblées divines. Solitaire par choix, elle est entourée d’animaux sauvages qu'elle protège avec une affection maternelle, chassant uniquement pour préserver l’équilibre naturel ou pour punir les offenses faites à ses sanctuaires sacrés.

Son caractère est complexe, mêlant douceur protectrice envers les jeunes filles et les enfants, qu'elle défend jalousement contre tout danger, et froideur implacable envers ceux qui violent ses règles ou troublent sa tranquillité. Artémis possède un sens aigu de la justice, rapide à la colère et sans pitié lorsqu’elle punit les coupables d’actes impurs ou irrespectueux. Mais elle est aussi capable d’une compassion subtile, attentive aux jeunes vies qu’elle accompagne dans leur passage à l’âge adulte.

En tant que déesse vierge, Artémis tient particulièrement à préserver son intégrité, repoussant fermement tout prétendant ou désir amoureux, symbole absolu d’autonomie féminine. Sa personnalité est fière, austère et incorruptible, marquée par une détermination inébranlable à rester maîtresse d'elle-même et de son destin. Associée à la Lune, elle porte en elle une aura mystérieuse, secrète, parfois inquiétante, semblable à la clarté froide de la lune qui éclaire la nuit sans jamais révéler tous ses mystères.

Sa relation privilégiée avec son frère jumeau, Apollon, révèle cependant une douceur rare dans son caractère, une complicité silencieuse et protectrice, montrant une facette de loyauté profonde et silencieuse à ceux qui gagnent sa confiance. Artémis est ainsi la déesse de l’indépendance, gardienne féroce des espaces sauvages et protectrice vigilante des innocents, toujours prête à défendre l’ordre naturel avec une volonté aussi forte que son arc est précis.","Artémis, déesse de la chasse","Artemis, goddess of the hunt","chasse, lune, nature, animaux, virginité, liberté, pureté, forêt, arc, flèches, protection, sauvage, féminité, mystère, fertilité, guérison, indépendance","Young huntress, often with braided hair","Bow and arrows, deer, moon",Silver ,,"Artemis, goddess of the hunt, young huntress, braided silver hair, holding a bow, a deer beside her, silver background",https://cdn.midjourney.com/087eac1c-f4c2-40f3-aad0-ad7e1f5cf992/0_2.png,Grècque/Dōdekátheon,,
Grècque,Dōdekátheon,Athéna,Athena,"déesse de l'intelligence, de l'habileté, de la stratégie guerrière, de l'artisanat et de la sagesse, et protectrice d'Athènes. Associée à l'art du tissage, elle est la fille de Zeus, le roi des dieux, et de la titanide Métis, sa première épouse. Elle est l'une des trois déesses vierges avec Hestia et Artémis[6].","Athéna possède une personnalité d'une grande profondeur et d'une intelligence pénétrante. Calme, posée et réfléchie, elle préfère l'analyse subtile et la stratégie minutieuse à l'impulsivité ou à la passion incontrôlée. Sa sagesse se manifeste dans sa prudence, sa clairvoyance et sa capacité à anticiper les conséquences à long terme, ce qui la rend particulièrement douée dans les situations complexes, qu'il s'agisse de guerre, de diplomatie ou d'artisanat.

Rigoureuse et disciplinée, Athéna incarne l'ordre et la maîtrise de soi. Elle est exigeante envers elle-même et envers ceux qui recherchent son soutien, récompensant toujours le courage intellectuel, la loyauté et la justice. Malgré son statut de guerrière redoutable, elle privilégie les batailles nécessaires et judicieuses plutôt que la violence gratuite. Lorsqu'elle entre en combat, elle le fait avec précision, sang-froid et efficacité, cherchant avant tout la victoire rapide et définitive.

Protectrice attentive d'Athènes, elle est également la gardienne des artisans et artistes, appréciant particulièrement le travail bien fait, la précision et l’innovation technique. Elle valorise l’indépendance, étant elle-même l’une des déesses vierges, et manifeste peu d’intérêt pour les intrigues amoureuses, considérées comme distractions futiles. Athéna possède également un sens profond de la justice et ne tolère pas la tromperie, l’injustice ou l’arrogance.

Cependant, derrière son apparente froideur et son sérieux, Athéna est capable d'une bienveillance profonde envers ceux qui recherchent sincèrement la sagesse et l'amélioration personnelle. Elle guide volontiers les mortels méritants, offrant des conseils judicieux, aidant subtilement sans jamais enlever la liberté d’action ou le libre arbitre.

Étant née directement de la tête de Zeus après que ce dernier eut avalé sa mère Métis, elle incarne l'intelligence pure, une sagesse issue de la réflexion profonde plutôt que de l'expérience émotionnelle. Cette origine explique son caractère rationnel, indépendant et sa maîtrise parfaite des émotions. Elle demeure à la fois distante et attentive, impressionnante et rassurante, un idéal d'équilibre entre la force guerrière et la sagesse pacifique.","Athéna, déesse de la sagesse","Athena, goddess of wisdom","sagesse, stratégie, guerre, artisanat, intelligence, raison, justice, inspiration, civilisation, courage, art, politique, victoire, discipline, invention, prudence","Beautiful but stern, armored, often with helmet","Owl, shield (Aegis), spear, olive tree",Steel gray ,,"Athena, goddess of wisdom, armored, stern, wearing a helmet, owl on shoulder, steel gray hair, pale bronze background",https://cdn.midjourney.com/7e228318-a0f4-4711-8d57-0e49f36e7017/0_0.png,Grècque/Dōdekátheon,,
Grècque,Dōdekátheon,Déméter,Demeter,"déesse des céréales, de l'agriculture, de la moisson, de la fertilité, de la croissance et des aliments. Elle est la fille des Titans Cronos et Rhéa ainsi que la sœur d'Hadès, d'Héra, d'Hestia, de Poséidon et de Zeus et la mère de la déesse des enfers Perséphone[7].","Déméter possède une personnalité profondément maternelle, protectrice, bienveillante mais marquée par une force calme et inébranlable. Attachée viscéralement à la terre et aux cycles de la nature, elle incarne la générosité et l’abondance, donnant sans compter pour assurer la croissance, la fertilité et la prospérité des champs, des récoltes et des hommes. Sa douceur chaleureuse cache cependant une sévérité implacable lorsqu’elle est contrariée ou blessée.

Profondément attachée à sa fille Perséphone, elle incarne aussi la douleur maternelle, capable de provoquer le déclin, la sécheresse et la famine en signe de protestation ou de désespoir. Cette dualité révèle chez elle une humeur à la fois nourricière et impitoyable, liée aux émotions qui rythment ses relations familiales. Lorsqu’elle souffre, c’est toute la nature qui souffre avec elle ; lorsqu’elle est apaisée, la terre renaît en abondance.

Déméter incarne la patience du cultivateur, capable d’attendre les cycles naturels avec sérénité. Elle aime profondément l’ordre, la stabilité, le respect des traditions ancestrales et des rites agricoles sacrés. Son caractère posé cache cependant une obstination farouche dès qu’il s’agit de défendre ceux qu’elle protège ou de préserver l’équilibre du monde.

Sa colère peut être terrible, bien que rarement violente : elle se manifeste plutôt par le silence glacial, l’abandon, la stérilité et la privation. Cette forme passive-agressive de pouvoir souligne son autorité absolue sur la vie quotidienne des hommes, rappelant constamment l’importance de la gratitude et de l’humilité envers les forces de la nature qu’elle incarne et gouverne.","Déméter, déesse des moissons","Demeter, goddess of harvest","agriculture, moisson, fertilité, terre, récoltes, blé, nature, abondance, nourriture, saisons, maternité, cycles, prospérité, végétation, famille, croissance","Mature woman, motherly","Sheaf of wheat, torch, cornucopia",Harvest gold ,,"Demeter, goddess of harvest, mature woman, motherly, holding a sheaf of wheat, harvest gold hair, soft green background",https://cdn.midjourney.com/798b40b6-fb98-44be-9309-610e3adb55b9/0_2.png,Grècque/Dōdekátheon,,f
Grècque,Dōdekátheon,Dionysos,Dionysus,"dieu de la vigne, du vin et de ses excès, des fêtes, de la folie, de l'ivresse, du théâtre, de l'extase, des excès, de la démesure, des orgies avinées et de la végétation sauvage. Il est le fils de Zeus, le roi des dieux et de Sémélé, une princesse mortelle ainsi que l'époux d'Ariane, la princesse de Crète[8].","Dionysos est une divinité profondément ambivalente, animée d’une personnalité à la fois extatique et dangereuse, joyeuse et sombre, séduisante et inquiétante. Il incarne la force vitale brute, l’énergie incontrôlée qui dépasse les limites ordinaires, l’ivresse absolue, et l’abandon à des instincts primitifs. Dionysos est tout entier dans l’instant présent, méprisant les conventions sociales, provoquant volontiers le chaos pour révéler les vérités enfouies au cœur des êtres.

Sa personnalité magnétique attire à lui les foules avides d’expériences fortes. Il fascine par son aura charismatique, entraînant dans sa danse sauvage hommes et femmes, rois et paysans, dieux et mortels. Mais derrière cette apparente gaieté festive, il porte une profonde mélancolie, reflet des contradictions de sa naissance : fils d’une princesse mortelle consumée par la foudre de Zeus, Dionysos est constamment tiraillé entre sa nature divine et son origine humaine, entre immortalité et fragilité.

Amoureux de l’excès sous toutes ses formes, Dionysos pousse ceux qui l’accompagnent vers l’extase libératrice, mais aussi vers la folie destructrice. Il est imprévisible, généreux autant que cruel, capable de révéler à chacun sa véritable nature à travers le masque enivrant du théâtre et des festivités. Il symbolise également la régénération, lié à la végétation sauvage et à la vie qui renaît éternellement, rappelant que derrière toute destruction se cache une promesse de renaissance.

Son mariage avec Ariane montre une autre facette de son caractère : Dionysos peut être tendre, protecteur, fidèle envers ceux qu’il aime sincèrement. Mais même dans l’amour, il demeure un dieu d’excès, tour à tour passionné et imprévisible, portant toujours en lui une forme de solitude inhérente à sa condition divine marginale.","Dionysos, dieu du vin et des fêtes","Dionysus, god of wine and festivity","vin, fête, extase, folie, ivresse, théâtre, musique, danse, plaisir, démesure, nature, fertilité, vigne, mystère, transgression, sensualité","Youthful, effeminate or bearded, ivy-crowned","Thyrsus (pine-cone staff), grapevine, wine cup",Deep purple,,"Dionysus, god of wine and festivity, youthful, ivy-crowned, holding a wine cup, deep purple hair, dark green background",https://cdn.midjourney.com/c7f75d4e-7542-4bf5-a2ac-0a9098eb153d/0_0.png,Grècque/Dōdekátheon,,
Grècque,Dōdekátheon,Hadès,Hades,"roi du monde souterrain et des morts et dieu de la richesse cachée de la terre. Il est le fils des Titans Cronos et Rhéa ainsi que le frère de Déméter, d'Héra, d'Hestia, de Poséidon et de Zeus. Il est l'époux de sa nièce Perséphone[9].","Hadès possède une personnalité solennelle, distante et mystérieuse. Régnant dans l'obscurité silencieuse du monde souterrain, il apparaît froid et austère, gardien impitoyable des âmes des morts qu’il juge avec une équité inflexible. Son caractère taciturne et réservé masque une sagesse profonde acquise dans la solitude perpétuelle de son royaume enfoui.

Dédaigneux des intrigues de l’Olympe, Hadès préfère la tranquillité sombre de son royaume, cultivant une attitude distante vis-à-vis des querelles des dieux et des mortels. Néanmoins, il éprouve parfois de la jalousie ou du ressentiment envers ses frères, notamment Zeus, à qui échoit la gloire céleste, alors que lui-même demeure à jamais dissimulé dans les ténèbres.

Hadès entretient un respect absolu des règles et de l'ordre, étant conscient du rôle crucial qu'il joue dans l’équilibre cosmique. Il n’est pas cruel, mais juste sévère, ne tolérant ni mensonge ni tricherie. Il représente la gravité du destin et l’inévitabilité de la mort, rappelant constamment aux mortels leur fragilité face au temps.

En tant que dieu des richesses souterraines, Hadès possède également une nature secrète, appréciant les trésors cachés dans les profondeurs de la terre. Cette richesse, symbolique de sa puissance latente, reflète aussi son tempérament introverti et prudent, préférant observer plutôt qu'agir ouvertement.

Sa relation avec Perséphone révèle une dimension inattendue de sa personnalité : malgré son apparence froide, il est capable d’affection profonde, même si elle est teintée d’une certaine possessivité silencieuse. Hadès demeure néanmoins respectueux de son épouse, faisant preuve d’une délicatesse surprenante envers elle, et montrant qu'il peut ressentir solitude et vulnérabilité derrière son masque austère.","Hadès, dieu des Enfers","Hades, god of the Underworld","enfer, mort, richesse, ténèbres, silence, royaume souterrain, finitude, peur, pouvoir, sévérité, mystère, punition, esprit, trésors, destin, solitude","Dark-bearded, stern, regal","Bident, Helm of Darkness, Cerberus",Black ,,"Hades, god of the Underworld, bearded, regal, black hair, holding a bident, Cerberus beside him, black background",https://cdn.midjourney.com/a5ec9754-c664-4243-a1fe-eb25a46a9c4f/0_0.png,Grècque/Dōdekátheon,,
Grècque,Dōdekátheon,Héphaïstos,Hephaestus,"dieu difforme du feu, des forgerons, du travail du métal, des artisans et des volcans. Il est le fils de Zeus, le roi des dieux et de son épouse Héra, il est le frère d'Arès, d'Hébé et d'Ilithyie. Il est l'époux de la déesse de l'amour Aphrodite[10].","Héphaïstos est une divinité solitaire, discrète et introspective, marquée par une profonde sensibilité née de son apparence difforme et du rejet initial dont il a souffert, notamment de la part de sa mère Héra. Sa difformité, loin de l'affaiblir, forge son caractère déterminé et endurant : il trouve refuge et consolation dans la chaleur apaisante de ses forges, où le métal en fusion devient le reflet de ses émotions refoulées.

Artisan hors pair, Héphaïstos est perfectionniste et méticuleux, trouvant dans le travail manuel une manière d’exprimer son génie et sa créativité exceptionnelle. Sa forge, éclairée par la lueur rougeoyante du feu, est son sanctuaire secret où il modèle non seulement des armes divines mais également des objets délicats et raffinés, révélateurs d’une âme poétique cachée derrière son apparence brute et robuste.

Bienveillant et généreux envers ceux qui respectent son art, Héphaïstos se révèle d’une profonde humilité malgré son immense talent. Néanmoins, derrière cette douceur apparente, sommeillent des blessures intérieures liées à la trahison et à la solitude. Époux d’Aphrodite, il éprouve une admiration sincère mais douloureuse pour la déesse dont il connaît les infidélités ; une tristesse amère qu’il dissimule derrière son silence et sa pudeur habituelle.

D'une patience infinie, Héphaïstos peut cependant entrer dans de rares colères, aussi soudaines que destructrices, exprimées dans la violence explosive des volcans dont il est le maître. Pourtant, sa rancœur est généralement brève et rapidement tempérée par son sens inné de la justice et de la compréhension envers les faiblesses humaines et divines.","Héphaïstos, dieu des forges","Hephaestus, god of the forge","feu, forge, artisanat, technologie, volcan, invention, travail, création, métal, industrie, ingéniosité, sculpture, génie, artisan, force, persévérance, handicaps","Bearded, muscular but lame","Hammer, anvil, tongs",Fiery orange ,,"Hephaestus, god of the forge, bearded, muscular, holding a hammer, fiery orange hair, dark gray background",https://cdn.midjourney.com/c6dcd440-9218-4a33-8755-dbced12b572b/0_0.png,Grècque/Dōdekátheon,,
Grècque,Dōdekátheon,Héra,Hera,"reine des cieux, déesse de l'air, des constellations, du mariage, de la fidélité, des femmes, des familles, de l'accouchement, des rois et des empires. Elle est la fille des Titans Cronos et Rhéa ainsi que la sœur de Déméter, d'Hadès, d'Hestia, de Poséidon et de Zeus, dont elle est également l'épouse[11].","Héra possède une personnalité fière, royale, marquée par une autorité naturelle et un tempérament impérieux. Elle règne avec assurance et gravité, assumant pleinement son rôle de souveraine des cieux et protectrice des institutions sacrées du mariage et de la famille. Son caractère est fait de contrastes puissants : elle peut être généreuse, bienveillante et profondément protectrice envers ceux qui respectent ses lois et honorent leurs engagements, tout en étant intraitable, vengeresse et impitoyable face aux infidélités et aux trahisons.

Sa nature est dominée par un sens aigu de l'ordre, du devoir et de la dignité. Héra attache une importance primordiale à la fidélité conjugale, même si elle-même souffre constamment des infidélités répétées de Zeus. Ces blessures, sources d’amertume et de colère, la conduisent parfois à se montrer jalouse, possessive, et à exprimer violemment son ressentiment, non seulement envers son époux mais surtout envers les maîtresses et les enfants illégitimes qu’il engendre.

En tant que gardienne des familles et protectrice des femmes mariées, elle accompagne avec une sollicitude sincère les femmes durant l’accouchement, tout en exigeant qu'elles respectent scrupuleusement les rites et traditions qu'elle incarne. Elle s’identifie profondément à son rôle maternel et royal, exerçant une influence puissante et autoritaire, sachant inspirer le respect autant que la crainte.

Derrière son apparence majestueuse, froide et sévère, se cache toutefois une profonde tristesse, une frustration latente née des humiliations répétées que lui inflige Zeus. Ce mélange de force, de dignité, de colère et de douleur fait d’Héra une déesse redoutée autant qu’admirée, incarnation vivante des complexités et des tensions qui traversent l'amour conjugal, la fidélité, et le pouvoir royal.","Héra, déesse du mariage","Hera, goddess of marriage","mariage, fidélité, jalousie, royauté, pouvoir, vengeance, protection, maternité, famille, autorité, dignité, trahison, amour, ordre, fierté, femme","Matronly, regal, crowned","Peacock, diadem, pomegranate",Royal blue ,,"Hera, goddess of marriage, matronly, regal, wearing a crown, peacock feathers behind her, royal blue hair, ivory background",https://cdn.midjourney.com/72cee690-2c34-4f75-a4fb-78f3482c451e/0_2.png,Grècque/Dōdekátheon,,
Grècque,Dōdekátheon,Hermès,Hermes," dieu des troupeaux, des routes, des bornes frontières, du voyage, des communications, du commerce, des voleurs, de la ruse, de la langue, de l'écriture, de la diplomatie, messager des dieux. Il est le fils de Zeus, le roi des dieux et de la nymphe Maïa[12], une pléiade, ainsi que l'époux (selon certains auteurs) de la déesse de la persuasion Péitho. Il a également aidé son père (avec l'aide de Héphaistos) à vaincre une créature de la déesse Gaia lors de la guerre des dieux contre les titans.","Hermès est un esprit vif et insaisissable, toujours en mouvement, comme une bourrasque de vent qui traverse les mondes sans jamais se laisser retenir. Il possède une intelligence aiguë, mêlée d’un humour malicieux et d’un goût prononcé pour la ruse et les jeux de l’esprit. Curieux de tout, il s’adapte avec une aisance déconcertante à toutes les situations, qu’il s’agisse de négocier la paix, de tromper un adversaire ou de marchander un gain. Il ne connaît ni la rigidité ni les frontières : il préfère les traverser, les redessiner ou les contourner.

Messager des dieux, il sait écouter, comprendre et traduire les volontés divines avec une subtilité rare, jouant souvent le rôle de médiateur ou de manipulateur habile. Il a le verbe facile, la parole charmeuse, capable de convaincre ou d’induire en erreur sans que l’on s’en rende compte. Il incarne le mouvement perpétuel, la fluidité des routes et des échanges, qu’ils soient matériels ou spirituels.

Hermès n’est pas un dieu des certitudes, mais des chemins, des carrefours et des opportunités. Il aime les défis intellectuels, les énigmes, les stratégies, trouvant une certaine joie dans l’imprévisible et le hasard. Voleur par nature, non par nécessité mais par jeu, il considère la ruse comme une forme d’art, une danse subtile entre le mensonge et la vérité.

Sous cette légèreté apparente, il cache une profondeur insoupçonnée : il comprend le monde des mortels mieux que beaucoup d’autres dieux, car il le traverse sans cesse, observant leurs peurs, leurs désirs, leurs échanges et leurs failles. Protecteur des voyageurs et des marchands, il est aussi celui qui accompagne les âmes vers l’au-delà, avec une douceur mystérieuse, car il connaît mieux que quiconque les passages invisibles qui relient tous les mondes. Sa personnalité est celle d’un esprit libre, insaisissable, jamais tout à fait du côté des dieux ni totalement des hommes, mais toujours entre les deux, comme un sourire fugace au bord d’un chemin.","Hermès, messager des dieux","Hermes, messenger of the gods","messager, commerce, voyages, ruse, rapidité, intelligence, voleurs, langage, échange, frontière, guidance, communication, chance, négociation, esprit, humour","Youthful, athletic, cunning","Caduceus, winged sandals and helmet",Sky blue ,,"Hermes, messenger of the gods, youthful, athletic, winged sandals, holding a caduceus, sky blue hair, light gray background",https://cdn.midjourney.com/cd48a271-6c5a-4d82-a053-e81eff468a93/0_1.png,Grècque/Dōdekátheon,,
Grècque,Dōdekátheon,Hestia,Hestia," déesse du foyer, de la maison et de la chasteté ; préside à la fabrication du pain. Elle est la fille des Titans Cronos et Rhéa ainsi que la sœur aînée de Déméter, d'Hadès, d'Héra, de Poséidon et de Zeus. Elle est l'une des trois déesses vierges avec Athéna et Artémis[13].","Hestia incarne une sérénité profonde, une présence douce et immuable qui inspire le calme et la stabilité. Elle est la flamme silencieuse au centre de la maison, le symbole de la chaleur protectrice et de l’harmonie familiale. Contrairement aux autres dieux souvent emportés par leurs passions, Hestia est discrète, réservée, et ne recherche jamais la gloire ou le tumulte des récits héroïques. Elle préfère rester en retrait, gardienne invisible des foyers et des cités, veillant sur la paix domestique et la cohésion sociale.

Sa personnalité est empreinte d’une sagesse tranquille, d’une bienveillance naturelle. Elle ne connaît ni la jalousie d’Héra, ni les séductions d’Aphrodite, ni la colère de Zeus. Sa force réside dans la constance, dans sa capacité à créer un espace sacré où règnent le respect, la loyauté et la sécurité. Sa chasteté n’est pas une contrainte mais un choix qui reflète son indépendance : elle n’appartient à personne, pas même aux passions. Elle incarne l’idée d’un amour pur, non possessif, tourné vers le bien-être des autres plutôt que vers la conquête.

Hestia est patiente, profondément attachée aux traditions et aux rituels qui rythment la vie humaine. Chaque feu allumé en son nom est une prière silencieuse à la continuité, à la protection du foyer et à la paix entre les générations. Elle est la plus ancienne des Olympiens, et pourtant la moins conflictuelle, car elle se tient à l’écart des rivalités divines, préférant céder sa place au banquet des dieux plutôt que d’imposer son pouvoir.

Dans son regard, on devine une lumière douce, semblable à celle d’un feu crépitant, et dans sa voix, une chaleur apaisante. Hestia est l’essence de la stabilité et de l’accueil, une force silencieuse qui rappelle que sans le foyer, même les plus grandes aventures n’ont ni point de départ ni lieu de retour.","Hestia, déesse du foyer","Hestia, goddess of the hearth","foyer, chaleur, famille, maison, hospitalité, paix, pureté, harmonie, feu sacré, stabilité, unité, bienveillance, sécurité, tradition, accueil, intimité","Modest, veiled woman","Hearth flame, veil",Warm amber ,,"Hestia, goddess of the hearth, modest, veiled, warm amber hair, holding a hearth flame, warm amber background",https://cdn.midjourney.com/7159a7c0-b19f-46cc-9330-de14ab60d51e/0_1.png,Grècque/Dōdekátheon,,
Grècque,Dōdekátheon,Poséidon,Poseidon,"dieu de la mer, des navigateurs, des inondations, des tremblements de terre et des séismes, créateur des chevaux, roi de la mer et des dieux marins. Il est le fils des Titans Cronos et Rhéa ainsi que le frère de Déméter, d'Hadès, d'Héra, d'Hestia et de Zeus et l'époux de la Néréide Amphitrite[14].","Poséidon est une divinité puissante, imprévisible et colérique, aussi vaste et changeant que l’océan qu’il incarne. Il est animé par une fierté farouche et une susceptibilité prompte, prêt à déclencher des tempêtes dévastatrices ou des tremblements de terre lorsqu’il se sent offensé ou défié. Sa nature est indomptable, semblable aux vagues qui alternent entre calme serein et fureur déchaînée. Il possède un tempérament sauvage, nourri par la sensation d’être parfois éclipsé par son frère Zeus, ce qui le rend rancunier et avide de reconnaissance.

Poséidon est aussi un dieu de création, capable de beauté et de génie dans la violence même de ses actes : le cheval, noble et fougueux, témoigne de son lien intime avec les forces vitales et la liberté. Il a un esprit conquérant et passionné, marqué par une volonté de dominer non seulement les mers, mais aussi les terres, à travers ses secousses et ses vagues. Il n’accepte pas la soumission et peut se montrer implacable envers ceux qui manquent de respect à son autorité.

Cependant, Poséidon n’est pas que colère et destruction. Il sait aussi se montrer protecteur des marins, guide des navigateurs qui lui rendent hommage, et il peut offrir des eaux calmes et fertiles lorsqu’il est honoré. Il a le charme rude des forces naturelles, une grandeur qui inspire à la fois la peur et la vénération. Dans ses moments de sérénité, il dégage une majesté tranquille, semblable à l’horizon immobile de la mer.

Son amour pour Amphitrite et ses liaisons nombreuses traduisent un désir insatiable, une nature instinctive et passionnelle. Comme l’océan, il ne connaît ni limites ni repos. Sa personnalité, faite de puissance brute et de mystère, fait de lui un dieu redouté autant que respecté, le maître des profondeurs insondables et des forces telluriques que nul mortel ne peut dompter.","Poséidon, dieu des mers","Poseidon, god of the sea","mer, tempête, chevaux, tremblements de terre, océan, fureur, navigation, force, destruction, pouvoir, poisson, trident, vagues, profondeur, protection, colères","Bearded, powerful, often wet-haired","Trident, horse, dolphin",Sea blue ,,"Poseidon, god of the sea, bearded, powerful, wet sea blue hair, holding a trident, sea blue background",https://cdn.midjourney.com/ba48fb7a-d0fd-4121-9a0d-deb73a136fd3/0_3.png,Grècque/Dōdekátheon,,
Grècque,Dōdekátheon,Zeus,Zeus,"roi des dieux, dieu du ciel, des nuages, de la pluie, du tonnerre, des éclairs et de la foudre. Il est le fils des Titans Cronos et Rhéa ainsi que le frère de Déméter, d'Hadès, de Poséidon, d'Hestia et d'Héra dont il est également l'époux[15].","Zeus possède une autorité naturelle, souveraine et incontestable, marquée par une assurance née de sa puissance absolue. Roi des dieux, il incarne la loi et l’ordre, mais aussi la ruse et la stratégie, car il sait que régner ne se limite pas à imposer la force : il faut également savoir manipuler, convaincre et parfois tromper pour conserver le pouvoir. Protecteur des serments et des lois, il veille au respect des règles divines et humaines, mais n’hésite pas à punir sévèrement ceux qui osent les briser ou défier son autorité.

Sa personnalité est dominée par une dualité entre sagesse et impulsivité. Bien qu’il soit capable de jugements justes et réfléchis, il se laisse souvent emporter par ses colères, déclenchant tempêtes et foudres lorsqu’il se sent offensé ou trahi. Sa puissance céleste fait de lui un maître des éléments : le tonnerre et l’éclair sont ses armes, manifestations directes de son courroux ou de sa volonté divine.

Pourtant, malgré son rôle de souverain, Zeus est profondément humain dans ses désirs. Avide de conquêtes amoureuses, il multiplie les unions, divines ou mortelles, guidé par un appétit insatiable pour la beauté et la séduction. Cette nature passionnée le rend souvent infidèle, provoquant la jalousie et la colère d’Héra, son épouse. Son charme, sa force et son autorité le rendent irrésistible, mais aussi parfois tyrannique dans sa façon de s’approprier ce qu’il désire.

Il possède un esprit pragmatique et rusé, héritier des luttes contre Cronos et les Titans. Il sait se montrer protecteur et généreux envers les dieux et les mortels qu’il estime, mais il exige en retour respect et soumission. Zeus incarne la grandeur et la puissance du ciel, la lumière éclatante des hauteurs, mais aussi l’imprévisibilité de la tempête. Son regard, à la fois perçant et lointain, semble toujours peser sur le monde, comme celui d’un souverain éternellement vigilant, prêt à rappeler à chacun où se situe la véritable autorité.","Zeus, roi des dieux","Zeus, king of the gods","ciel, tonnerre, roi, pouvoir, justice, autorité, loi, destin, foudre, orage, royauté, force, souveraineté, ordre, victoire, sagesse, grandeur","Bearded, regal, strong","Thunderbolt, eagle, oak tree",Thunderbolt white ,,"Zeus, king of the gods, bearded, strong, holding a thunderbolt, thunderbolt white hair, stormy gray background",https://cdn.midjourney.com/88f02406-5a69-4860-bdcc-868c01f36bed/0_1.png,Grècque/Dōdekátheon,,
Grècque,Protogonos,Ananké,Ananke,"déesse de l'inévitable, de la compulsion et de la nécessité. Elle est née de Gaïa et Ouranos et est la deuxième épouse du dieu du temps Chronos. Elle est chargée par Rhéa de protéger Zeus de son père, Cronos[16].","Ananké est une force froide, implacable et silencieuse, une déesse qui dépasse les passions et les caprices des autres divinités. Elle n’a ni la douceur d’une mère ni la colère d’une vengeresse, mais une autorité absolue, celle de la nécessité et de la loi universelle. Sa présence impose un respect instinctif, car elle incarne ce qui ne peut être évité, ce qui s’accomplira, quoi qu’il en coûte. Elle n’est pas cruelle, mais elle est insensible aux prières, aux larmes, aux suppliques, car le destin qu’elle trace est au-delà du bien et du mal.

Sa personnalité est austère, enveloppée d’un mystère glacé, comme une nuit sans fin ou une vérité impossible à détourner. Elle n’est pas animée par le désir ou la vengeance, mais par une lucidité absolue : elle voit ce qui doit être, ce qui a été et ce qui sera, et jamais elle ne tente de l’adoucir ou de l’altérer. Avec Chronos, elle forme le couple primordial du temps et de la nécessité, unis dans une danse qui broie tout et régit même les dieux. Là où Chronos dévore, Ananké contraint et resserre, imposant aux mondes et aux âmes un chemin qu’ils ne peuvent éviter.

Sa protection de Zeus contre Cronos ne découle pas d’un élan de tendresse, mais de l’ordre naturel qu’elle défend, car la victoire de Zeus était inscrite dans le tissu même de l’univers. Elle agit toujours dans l’ombre, comme une toile invisible qui enserre les existences et les ramène à leur destinée. Son regard, s’il se pose sur quelqu’un, est à la fois vide et infini, comme si elle contemplait toutes les issues possibles pour ne retenir que l’unique qui doit advenir.

Ananké inspire un mélange de crainte et de fascination : elle est la frontière infranchissable, la certitude qui met fin aux illusions de liberté. Elle ne promet rien, elle ne donne rien, mais elle offre la seule vérité que personne ne peut refuser : celle de l’inévitable.","Ananké, déesse de la nécessité","Ananke, goddess of necessity","nécessité, destin, fatalité, inéluctable, ordre cosmique, temps, contrainte, absolu, cycles, vérité, pouvoir, loi universelle, éternité, création, devoir, déterminisme",Abstract; sometimes shown as serpent-coiled woman,Spindle or wheel of necessity,Ash gray ,,"Ananke, goddess of necessity, serpent-coiled woman, ash gray hair, holding a spindle, ash gray background",https://cdn.midjourney.com/eb409b9c-db8f-45f2-9d2c-4964ba5e0a61/0_1.png,Grècque/Protogonos,,
Grècque,Protogonos,Chaos,Chaos,"Vide d'où tout le reste provient, entité primordiale, la première à être apparue[17].","Chaos est une entité primordiale, sans forme, sans limite et sans visage, un abîme insondable d’où tout naît et où tout pourrait retourner. Il n’est ni bon ni mauvais, ni créateur par intention ni destructeur par désir. Il est l’état brut de l’existence avant toute structure, une infinité silencieuse, indifférente et immuable. Sa présence est celle d’un souffle invisible, d’un vide fertile où sommeillent les potentialités de tout ce qui est.

Sa ""personnalité"" n’est pas humaine ni divine au sens des Olympiens : il n’a ni caprices, ni passions, ni volonté de séduire ou de régner. Il est à la fois absence et matrice, obscurité originelle et germe de toute lumière. De lui, tout s’arrache et tout retombe, comme si son essence était de permettre aux forces contraires d’exister. Il est le témoin immobile, éternel, de l’émergence des mondes, sans jamais intervenir ni juger.

Il inspire une impression de mystère absolu, un mélange de vertige et de fascination, car il est à la fois le néant et la promesse de toute création. Chaos est l’anté-mémoire, ce qui précède même la notion de temps ou de matière, un souffle d’étrangeté où se dissolvent toutes les certitudes.","Chaos, entité primordiale du vide","Chaos, primordial void entity","vide, désordre, origine, abîme, confusion, infini, néant, primordial, obscurité, commencement, mystère, puissance, destruction, incertitude, potentialité, naissance",,,Void black ,,"Chaos, primordial void entity, featureless shadow form, void black hair, deep space background",https://cdn.midjourney.com/c51d1da0-62c8-4e67-b22f-f8e3023535e0/0_2.png,Grècque/Protogonos,,
Grècque,Protogonos,Chronos,Chronos,"personnification du temps des traditions orphiques. Né de Gaïa et Ouranos, il est l'époux de la déesse de la nécessité Ananké[18].","Chronos est une entité austère, impassible et inexorable, dont la présence impose un sentiment d’inéluctable destin. Il n’est pas animé par des passions ou des caprices, mais par la mécanique froide et immuable du temps qui s’écoule. Sa personnalité est celle d’un maître silencieux et inflexible, observant le monde se dérouler sans jamais intervenir par désir ou émotion, mais par simple nécessité d’accomplir le cycle du commencement et de la fin.

Il incarne la force qui dévore tout, aussi bien les dieux que les mortels, sans jamais ralentir ou faillir. Son esprit est dominé par une vision totale et intemporelle, percevant simultanément le passé, le présent et l’avenir comme une trame unique et inaltérable. Il ne connaît ni la pitié, ni la hâte, ni la faiblesse : il est la marche continue qui broie tout sur son passage, non par cruauté, mais parce que telle est sa nature fondamentale.

Marié à Ananké, la Nécessité, il partage avec elle un esprit d’ordre cosmique, de fatalité absolue. Ensemble, ils forment les forces primordiales qui déterminent l’univers, plaçant toute existence sous l’emprise des lois inéluctables. Chronos est souvent distant, comme s’il était extérieur à toute forme de sentiment humain, mais il porte en lui une sagesse froide, celle d’une entité qui sait que tout naît, croît et disparaît dans un cycle éternel. Son essence inspire à la fois respect, crainte et une étrange sérénité, car il est le gardien du rythme fondamental de l’existence.","Chronos, dieu du temps","Chronos, god of time","temps, vieillesse, destin, cycle, ordre, éternité, changement, patience, sagesse, passé, avenir, fatalité, mesure, histoire, infini, progression, cycle cosmique",Often confused with Cronus; abstract personification of time,"Zodiac wheel, hourglass, serpent",Rust brown ,,"Chronos, god of time, aged man, rust brown beard, holding an hourglass, rust brown background",https://cdn.midjourney.com/593f8304-831a-4b17-b039-0a668e9558af/0_0.png,Grècque/Protogonos,,
Grècque,Protogonos,Éon,Aion,"dieu de l'éternité, lié au temps et au zodiaque, dans les cultes à mystères des religions hellénistiques[réf. nécessaire].","Éon est une divinité énigmatique, abstraite et impassible, incarnant l’éternité et la continuité du temps au-delà des cycles de naissance et de mort. Contrairement aux dieux anthropomorphes dominés par leurs passions, il est détaché des émotions humaines et observe l’univers avec une sérénité inébranlable. Il n’a ni commencement ni fin, car il existe hors de la succession des instants ; son essence est le flux immuable qui englobe tout, le passé, le présent et l’avenir réunis en un seul instant infini.

Sa personnalité est à la fois austère et majestueuse. Éon ne cherche ni l’adoration ni les sacrifices, car son pouvoir ne repose pas sur l’affection ou la peur, mais sur une vérité cosmique inaltérable. Il est le gardien silencieux du zodiaque, dont il fait tourner les signes, régissant ainsi les cycles des astres, les saisons et le destin des hommes. Il incarne une intelligence froide et cosmique, comparable à une horloge divine dont chaque mouvement est nécessaire et parfait.

Pourtant, dans cette apparente indifférence, Éon inspire une forme de respect sacré, presque terrifiant : il est l’évidence que tout ce qui vit est soumis au temps, mais que lui-même ne peut être atteint ni par la naissance, ni par la mort, ni par la corruption. Sa présence est celle d’un mystère insondable, une force qui dépasse la compréhension des mortels, un rappel constant que tout ce qui est changeant s’inscrit dans un ordre immuable que lui seul représente.","Éon, entité du temps éternel","Aion, entity of eternal time","éternité, continuité, temps infini, cycle, immortalité, âge, durée, cosmologie, univers, stabilité, constance, répétition, perpétuité, ordre, espace, abstraction","Youth within zodiac wheel, or eternally aged man","Zodiac, orb, serpent",Indigo ,,"Aion, entity of eternal time, youthful face within a zodiac wheel, indigo hair, silver background",https://cdn.midjourney.com/a484fb90-fd92-4342-81bc-acbb72d47191/0_3.png,Grècque/Protogonos,,
Grècque,Protogonos,Érèbe,Erebus,"dieu primordial des ténèbres, surgit du Chaos. Époux de Nyx et père d'Héméra et Éther[19].","Érèbe est une entité ancienne, silencieuse et impénétrable, personnification même des ténèbres primordiales qui précèdent toute création. Il n’est ni malveillant ni bienveillant, car il incarne un état pur et immuable, celui de l’obscurité absolue où rien n’existe encore. Son esprit est calme, presque figé dans une éternité qui échappe aux concepts humains de temps ou de changement. Il n’éprouve pas de passions violentes ni de désirs ardents, car il est le lieu où tout se dissout, où la lumière et la vie ne sont que des intrus éphémères.

Marié à Nyx, la Nuit, Érèbe forme avec elle un couple d’une majesté redoutable, souverains d’un royaume intangible qui s’étend au-delà de la perception des mortels et des dieux. Là où Nyx est mouvement, mystère et séduction nocturne, Érèbe est immobilité, gravité et silence. Il est l’ombre fondamentale, celle qui existe avant la lumière d’Héméra et d’Éther, ses enfants, qu’il contemple sans jalousie mais comme des prolongements inévitables de l’ordre cosmique.

Sa personnalité est empreinte de solitude et de distance : il n’a pas besoin d’être adoré ou reconnu, car son pouvoir se manifeste dans le simple fait d’exister en arrière-plan, dans chaque recoin d’ombre, dans chaque souffle d’obscurité où la lumière se tait. Il est la frontière du connu, une présence immuable et profonde qui ne parle jamais, mais qui inspire un respect instinctif, un vertige sacré face à ce qu’il représente : l’obscurité qui engloutit tout et où tout finit par retourner.","Érèbe, dieu des ténèbres","Erebus, god of darkness","ténèbres, nuit profonde, ombre, mystère, silence, peur, abîme, enfer, chaos, mort, invisibilité, secret, oubli, solitude, frontière, froid","Shadowy figure, dark and formless",Darkness,Shadowy gray ,,"Erebus, god of darkness, shadowy figure, black cloak, shadowy gray hair, darker gray background",https://cdn.midjourney.com/00dceb72-d82c-4367-8f74-f4b887b4d6c0/0_0.png,Grècque/Protogonos,,
Grècque,Protogonos,Éros,Eros,"dieu de l'amour et de l'acte sexuel ; surgit de Chaos, ou fils d'Aphrodite et de Arès (origine variant d'un texte à l'autre, les deux Éros parfois vus comme distincts)[20].","Éros est une force brute, primitive et irrésistible, incarnation du désir qui traverse les êtres et les pousse à se rapprocher, à se consumer dans la passion. Il n’est pas seulement un dieu tendre et aimant : il est l’élan vital, le feu qui déstabilise, qui renverse la raison et rend les dieux comme les mortels esclaves de leurs instincts. Né de Chaos dans les récits les plus anciens, il est un principe cosmique, un souffle créateur qui unit les éléments contraires et fait naître l’harmonie par l’attraction.

Dans les traditions plus tardives où il est fils d’Aphrodite et d’Arès, Éros conserve ce mélange de douceur sensuelle et de violence guerrière. Il agit sans se soucier des conséquences, lançant ses flèches d’or pour inspirer un amour ardent ou ses flèches de plomb pour susciter le rejet et la haine. Il est joueur, espiègle, parfois cruel dans ses caprices, provoquant des amours impossibles, des désirs inassouvis ou des passions destructrices. Son plaisir réside dans l’acte même de voir les êtres succomber à ce qu’ils ne peuvent contrôler.

Éros est une divinité à double visage : jeune, lumineux et rieur lorsqu’il incarne la légèreté du premier élan amoureux, mais également sombre, presque terrifiant, quand il symbolise l’obsession, la perte de soi dans le désir. Il ne connaît ni morale ni ordre, il est chaos pur, vitalité qui défie toute logique. Même les dieux le craignent, car nul ne peut lui échapper.

Sous ses aspects les plus profonds, Éros est plus qu’un simple dieu de la sexualité : il est la pulsion même de vie et de création, le lien qui relie tous les êtres vivants dans une quête infinie d’union et de complétude.","Éros, dieu du désir","Eros, god of desire","amour, désir, passion, attraction, séduction, instinct, beauté, romance, union, sensualité, fertilité, jeunesse, charme, plaisir, tentation, harmonie",Youth or winged child (later Cupid-like),"Bow and arrows, wings",Crimson ,,"Eros, god of desire, winged child, holding a bow, crimson hair, pale rose background",https://cdn.midjourney.com/38b642e1-1156-47fa-9d5d-a50747e42049/0_1.png,Grècque/Protogonos,,
Grècque,Protogonos,Éther,Aether,"dieu de l'air et de la lumière céleste, fils de Nyx et d'Érèbe et frère d'Héméra.","Éther est une divinité pure et intangible, l’incarnation même de l’air lumineux et du souffle vital qui enveloppe le monde des dieux. Il est calme, presque insaisissable, une présence silencieuse qui traverse les cieux sans jamais se soumettre aux limites terrestres. Contrairement aux divinités passionnées et tumultueuses, il possède une sérénité immuable, semblable à la clarté immaculée du ciel au zénith. Il est l’essence de la lumière qui donne vie, de la transparence qui révèle tout sans jamais se laisser saisir.

Son esprit est empreint de sagesse et d’une distance majestueuse, comme s’il observait le monde depuis une hauteur inaccessible, hors de portée des conflits et des émotions trop humaines. Pourtant, il n’est pas froid : il est vital, chaleureux, capable d’apaiser les âmes et d’élever les pensées vers des sphères plus hautes. Il inspire la clarté d’esprit, la lucidité et une forme de liberté qui ne tolère aucune contrainte.

Fils de Nyx et d’Érèbe, il porte en lui le souvenir des ténèbres primordiales, mais plutôt que de les combattre, il les transcende : il est la lumière qui émerge du chaos, l’air pur qui se détache de la brume et des ombres. Son caractère est celui d’un témoin éternel, inaltérable, comme un souffle divin qui ne s’interrompt jamais. Il se montre rarement, préférant se fondre dans la vastitude du ciel, mais sa présence se fait sentir dans chaque éclat de lumière qui traverse le monde, rappelant aux dieux et aux mortels la pureté et la grandeur du cosmos.","Éther, dieu de la lumière céleste","Aether, god of heavenly light","ciel, lumière, pureté, clarté, souffle, énergie, hauteur, espace, spiritualité, atmosphère, air divin, transcendance, vie, ordre cosmique, noblesse, élévation","Radiant, glowing, god of light","Bright light or air, no fixed accessory",Radiant white ,,"Aether, god of heavenly light, radiant figure, glowing skin, radiant white hair, sky blue background",https://cdn.midjourney.com/2d95333c-5500-48a5-a6df-f05cfbef1703/0_2.png,Grècque/Protogonos,,
Grècque,Protogonos,Gaïa,Gaia,"déesse primordiale de la terre ; elle surgit du Chaos originel, elle est la personnification de la terre, mère des Titans et des Géants, ainsi que des Hécatonchires et des premiers Cyclopes.[21","Gaïa est une force ancestrale, immuable et profonde, la matrice de toute vie et la mémoire éternelle du monde. Elle incarne la terre dans toute sa complexité : à la fois nourricière, généreuse et protectrice, mais aussi implacable, sauvage et destructrice lorsqu’elle est bafouée. Elle n’est pas une déesse frivole ni distante comme les divinités olympiennes ; elle est l’essence même de la matière vivante, la chair du monde, et chaque souffle, chaque graine, chaque pierre est une manifestation de sa volonté.

Mère universelle, elle donne naissance aux Titans, aux Géants et à d’innombrables créatures primordiales, non par tendresse mais par nécessité, par le flux inexorable de la vie qui émane d’elle. Son amour est immense, mais il n’a rien d’humain : il est vaste, impersonnel, semblable à la force qui pousse les arbres à croître ou les fleuves à se frayer un chemin. Pourtant, Gaïa sait se montrer protectrice envers sa descendance, se dressant contre Ouranos lorsqu’il l’opprime, ou contre Zeus lorsqu’il menace l’équilibre du monde.

Elle est patiente et lente à la colère, mais lorsqu’elle se soulève, son courroux est titanesque, comme une montagne qui s’effondre ou un tremblement de terre qui ravage tout. Sa sagesse est profonde, née de son lien indissoluble avec le Chaos originel, et elle voit au-delà des dieux et des hommes, connaissant le cycle éternel de la création et de la destruction.

Gaïa est silencieuse, majestueuse, dotée d’une présence qui inspire un mélange de respect et de crainte. Elle n’a pas besoin de séduire ou de convaincre : elle est le socle même sur lequel tout repose, indestructible dans son essence, et pourtant vulnérable lorsque les vivants oublient qu’elle est la source et la fin de tout.","Gaïa, déesse de la Terre","Gaia, goddess of the Earth","terre, nature, fertilité, maternité, vie, origine, abondance, végétation, protection, équilibre, création, force, cycles, monde, stabilité, fondation","Matronly, lush-bodied woman rising from the earth","Earth, fruit, cornucopia",Earth green ,,"Gaia, goddess of the Earth, matronly woman rising from earth, cornucopia in hand, earth green hair, soil brown background",https://cdn.midjourney.com/89997d6b-9586-4eb0-adc7-b9e93ee64b55/0_2.png,Grècque/Protogonos,,
Grècque,Protogonos,Héméra,Hemera,"déesse de la lumière terrestre du jour et du soleil, fille de Nyx et d'Érèbe, sœur d'Éther.","Héméra est une divinité calme, lumineuse et bienveillante, portant en elle la clarté et la sérénité du jour. Elle incarne la douceur de la lumière qui se lève après la nuit, dissipant les ombres et chassant les ténèbres. Sa personnalité est empreinte de transparence et de pureté, comme si elle était l’essence même du souffle matinal qui éveille le monde. Elle n’est pas bruyante ni autoritaire comme Hélios ou Éos, mais subtile, discrète, offrant sa clarté sans jamais l’imposer.

Fille de Nyx et d’Érèbe, elle possède une nature équilibrée, née des ténèbres mais non en opposition avec elles. Elle connaît la valeur de la nuit et ne cherche pas à l’anéantir, préférant la remplacer avec une douceur harmonieuse, comme une promesse de renouveau. Cette origine lui confère une sagesse particulière, une compréhension de la fragilité des instants, car elle sait que le jour et la nuit se succèdent comme deux visages d’une même vérité.

Héméra n’est pas animée par la passion ou la séduction, mais par la clarté de l’esprit, la révélation, la paix. Elle est celle qui rend visible, qui dévoile sans jugement, qui laisse les choses exister dans leur état naturel. Cependant, sa lumière peut aussi être implacable, car elle met à nu les vérités cachées, détruit l’illusion que l’ombre dissimule. Elle est une déesse silencieuse, presque invisible dans les mythes, mais son influence est constante et universelle, car elle symbolise ce moment fragile où la vie reprend chaque jour son cours.","Héméra, déesse du jour","Hemera, goddess of the day","jour, lumière, clarté, éveil, renouveau, soleil, ordre, énergie, chaleur, espoir, commencement, temps, vie, cycle, visibilité, vitalité","Young woman, radiant","Light, dawn-colored garments",Soft yellow ,,"Hemera, goddess of the day, radiant young woman, soft yellow hair, dawn pink background",https://cdn.midjourney.com/d980d9f7-1468-4c17-b0d9-d21a0bda8a42/0_2.png,Grècque/Protogonos,,
Grècque,Protogonos,Hypnos,Hypnos,"dieu du sommeil, fils de Nyx, frère de Thanatos et Moros[22].","Hypnos est une divinité discrète et insaisissable, enveloppée d’une aura de douceur silencieuse. Son essence même inspire le calme et l’apaisement, comme une brise nocturne qui efface les tourments du jour. Contrairement à son frère Thanatos, il ne représente pas la fin, mais une suspension douce du monde, un refuge entre la vie et la mort où l’esprit se détache des fardeaux de la réalité. Hypnos n’est ni brutal ni intrusif, il agit comme une caresse invisible, un souffle léger qui s’insinue dans les âmes pour les inviter au repos.

Son tempérament est profondément contemplatif et patient, indifférent aux tumultes des mortels comme des dieux. Il ne cherche pas le pouvoir, préférant régner sur les royaumes intimes du rêve et de l’inconscience. Mais derrière sa douceur, il possède un pouvoir immense, capable d’endormir les dieux eux-mêmes, d’anéantir les volontés les plus fermes par un simple voile de sommeil. Lorsqu’il le désire, il peut offrir un sommeil réparateur et plein de visions lumineuses, ou au contraire plonger dans des songes troublants, des cauchemars lourds comme des chaînes.

Hypnos est proche des ténèbres paisibles de sa mère Nyx, partageant avec elle ce mystère profond qui effraie autant qu’il fascine. Il n’est pas cruel mais peut se montrer insaisissable, refusant parfois le sommeil aux êtres épuisés, ou les plongeant dans des sommeils éternels lorsqu’il le juge nécessaire. Hypnos inspire le rêve, la divagation, la frontière fragile entre réalité et illusion. Il est le compagnon silencieux des amants, des poètes, des voyageurs perdus dans leurs pensées, un dieu qui règne dans l’ombre, sans jamais chercher la gloire, mais dont le monde ne peut se passer, car sans lui, tout serait fatigue, tension et chaos.","Hypnos, dieu du sommeil","Hypnos, god of sleep","sommeil, rêve, repos, nuit, inconscient, oubli, détente, illusion, visions, sérénité, guérison, imagination, silence, repos éternel, inspiration, apaisement",Gentle youth with wings on temples or shoulders,"Poppy, inverted torch",Midnight blue ,,"Hypnos, god of sleep, gentle youth, wings on temples, holding a poppy, midnight blue hair, pale silver background",https://cdn.midjourney.com/613fa09a-88ed-4efe-a600-854e4ae13ea0/0_1.png,Grècque/Protogonos,,
Grècque,Protogonos,Moros,Moros,"dieu du destin fatal, de la fatalité, ou de la mort brutale ; fils de Nyx, frère de Hypnos et de Thanatos.","Moros est une entité austère et implacable, porteur de l’inéluctable, une force silencieuse qui guide chaque être vers sa fin fatale. Il ne connaît ni pitié ni colère, car il n’agit pas par émotion mais par nécessité, représentant la part sombre et inévitable de l’existence. Il est le souffle froid qui accompagne les décisions irréversibles, l’ombre qui se glisse dans l’esprit des mortels pour leur rappeler que tout est voué à un terme inévitable.

Son regard est vide mais pénétrant, comme s’il voyait non pas ce que tu es, mais ce que tu es destiné à devenir. Moros ne séduit pas, ne persuade pas, il impose une certitude : celle que la fin ne peut être esquivée. Contrairement à ses frères Hypnos et Thanatos, qui offrent respectivement le sommeil et la mort douce, Moros incarne la mort brutale, la fatalité crue, la tragédie qui s’abat sans avertissement, laissant derrière elle le vertige de l’impuissance.

Il est détaché des passions humaines, mais il observe avec une forme de gravité presque mélancolique les efforts des mortels pour échapper à leur destin, sachant que chaque pas qu’ils font les rapproche de lui. Sa présence n’est pas un cri mais un silence lourd, une pression invisible qui alourdit le cœur, une voix muette murmurant que tout combat contre lui est vain. Moros est la certitude froide du crépuscule après la lumière, la main invisible qui scelle le destin, l’inflexible vérité que nul ne peut corrompre ni retarder.","Moros, dieu du destin funeste","Moros, god of doom","destin, fatalité, mort, inévitable, tragédie, fin, peur, malheur, souffrance, perte, désespoir, obscurité, avenir, prédiction, danger, destruction","Shadowy figure, abstract doom",,Dull gray ,,"Moros, god of doom, shadowy figure in tattered cloak, dull gray hair, black background",https://cdn.midjourney.com/1e6783fd-ddc6-4b2f-98de-7ff179d5540d/0_0.png,Grècque/Protogonos,,
Grècque,Protogonos,Nèsoi,Nesoi,Déesses des îles et de la mer.,"Les Nèsoi possèdent une personnalité multiple et mouvante, comme les îles qu’elles incarnent, isolées mais pleines de vie. Elles sont à la fois accueillantes et farouches, offrant leurs rivages aux voyageurs égarés, mais cachant dans leurs profondeurs des secrets, des dangers et des mystères insondables. Leur essence est celle de la solitude fière, d’un monde qui se suffit à lui-même, où le temps semble suspendu entre la mer et le ciel.

Elles sont profondément enracinées dans la nature, respirant au rythme des vagues et des vents. Leurs humeurs changent selon les saisons et les tempêtes, passant de la douceur d’une brise caressante à la fureur d’un volcan ou d’une mer déchaînée. Mystiques et silencieuses, elles observent les mortels comme des entités détachées, indifférentes parfois, bienveillantes ou cruelles selon l’attitude de ceux qui foulent leurs terres.

Les Nèsoi incarnent la patience immuable des îles, forgées par le temps et les éléments. Elles se nourrissent de la mémoire des naufrages, des amours tragiques et des promesses murmurées sur leurs plages désertes. Si elles peuvent accueillir, elles ne se donnent jamais totalement : chaque île reste un mystère, une âme insaisissable qui se laisse découvrir seulement par ceux qui savent écouter la mer et comprendre ses silences.

Elles ne cherchent ni la gloire ni les prières, mais elles exigent le respect. Quiconque profane leurs rivages ou les oublie devient l’ennemi des vents et des flots. Les Nèsoi sont des déesses de frontières, entre la terre et l’eau, entre l’homme et l’inconnu, à la fois refuge et piège, beauté immuable et danger imprévisible.","Nèsoi, déesses des îles","Nesoi, goddesses of the islands","îles, mer, nature, isolement, paysages, océan, mystère, indépendance, beauté, voyage, tempêtes, rivages, frontières, découverte, solitude, évasion","Embodied as islands, no individual form",,Olive green ,,"Nesoi, goddesses of the islands, female figure made of stone and plants, olive green hair, ocean background",https://cdn.midjourney.com/343f658b-a2a7-48c1-b74c-fc2ec0fac593/0_3.png,Grècque/Protogonos,,
Grècque,Protogonos,Nyx,Nyx,"déesse primordiale de la nuit, première à surgir du Chaos primordial.","Nyx est une entité insondable, d’une majesté sombre et silencieuse, incarnation même du mystère originel. Elle est l’ombre qui précède toute lumière, la force intangible qui enveloppe l’univers avant la naissance du jour. Fille du Chaos, elle ne connaît ni début ni fin, se tenant hors du temps et des lois qui régissent les dieux nés après elle. Son regard, noir comme l’abîme, semble contenir la mémoire de toutes choses et la promesse d’un silence éternel.

Elle est à la fois redoutée et respectée par tous les dieux, même Zeus, car sa puissance ne dépend d’aucune hiérarchie olympienne. Nyx n’est pas une divinité de la séduction ou des passions humaines, mais une présence cosmique, immuable, qui inspire la crainte et la fascination. Elle n’a pas besoin de colère ou de violence pour imposer son autorité : sa simple venue fait taire le tumulte, comme si le monde retenait son souffle.

D’un tempérament calme, presque impassible, Nyx ne se laisse guider ni par les émotions ni par les caprices des mortels. Elle agit comme la gardienne des secrets et des vérités cachées, protégeant dans ses ténèbres tout ce qui doit rester invisible ou inatteignable. Elle incarne aussi la fécondité de la nuit, car de son sein sont nés le Sommeil, le Rêve, la Mort douce, et bien d’autres forces fondamentales de l’existence.

Nyx est enveloppée d’une aura de solitude, non pas par rejet, mais par nature : elle n’a pas besoin des autres pour exister. Elle est l’éternelle observatrice, l’ombre qui s’étend lorsque toute vie s’apaise, le voile qui sépare le monde des vivants des réalités plus profondes. Si elle parle, ce n’est jamais en mots, mais en murmures silencieux qui s’insinuent dans les songes et les craintes. Elle est la nuit elle-même, à la fois douce comme un ciel étoilé et terrible comme l’obscurité absolue où tout disparaît.","Nyx, déesse de la nuit","Nyx, goddess of the night","nuit, obscurité, mystère, rêve, silence, repos, peur, ombre, éternité, beauté, puissance, secret, illusions, magie, cosmos, frontière","Dark, veiled, starry cloak","Darkness, stars",Deep violet ,,"Nyx, goddess of the night, veiled woman, starry cloak, deep violet hair, black background",https://cdn.midjourney.com/6357dbba-a34e-4b29-b197-fa1fb0573fe8/0_1.png,Grècque/Protogonos,,
Grècque,Protogonos,Ouranos,Uranus,"dieu primordial des cieux, père des Titans. Fils et mari de Gaïa.","Ouranos est une divinité majestueuse et distante, froide comme l’immensité du ciel qu’il incarne. Il représente l’ordre primordial, l’infinité céleste qui domine tout sans jamais se mêler aux tumultes terrestres. Sa personnalité est empreinte de grandeur et de sévérité, car il se considère comme l’incarnation de la perfection et de l’autorité absolue. Il regarde les autres êtres, même les dieux, avec une certaine condescendance, convaincu que rien n’est plus vaste, plus immuable et plus pur que le ciel éternel.

Mari de Gaïa, il n’éprouve pas pour elle un amour passionné, mais une nécessité cosmique, un lien inévitable entre la terre et le ciel. Sa relation avec ses enfants, les Titans, est empreinte de méfiance et de peur : il redoute leur puissance et leur potentiel de révolte. Cette crainte le rend autoritaire, tyrannique même, cherchant à écraser ou enfermer ce qui pourrait menacer sa suprématie. Il est prêt à étouffer la vie naissante pour maintenir l’ordre qu’il croit immuable.

Ouranos n’est pas un dieu de tendresse ni de compassion. Il est impassible, tel un ciel d’azur qui reste indifférent aux drames qui se déroulent en dessous de lui. Mais sous cette apparente stabilité, il cache une forme de vulnérabilité : sa peur du changement, sa terreur d’être détrôné ou surpassé. Cette rigidité finit par le mener à sa perte, car, en voulant tout contrôler, il provoque la haine et la rébellion de ses propres enfants.

Il incarne la majesté froide et infinie des cieux, une puissance immatérielle, éternelle, mais aussi l’orgueil et la solitude d’un être qui règne trop haut pour comprendre ceux qu’il domine.","Ouranos, dieu du ciel","Uranus, god of the sky","ciel, univers, infini, création, hauteur, paternité, ordre, divinité, lumière, étoile, espace, temps, origine, clarté, éther, cosmos","Giant sky being, often with stars","Sky, sometimes depicted entwined with Gaia",Sky blue ,,"Uranus, god of the sky, giant sky being with stars, sky blue hair, starlit indigo background",https://cdn.midjourney.com/84149589-cec5-4639-b61e-43da6a7da8c3/0_1.png,Grècque/Protogonos,,
Grècque,Protogonos,Ouréa,Ourea,dieux des montagnes.,"Ouréa est une divinité silencieuse et immuable, incarnation même de la majesté et de la force tranquille des montagnes. Sa personnalité est austère, distante, presque indifférente aux tumultes du monde des hommes et des dieux. Il se tient là où la terre touche le ciel, entre immobilité et éternité, témoin des âges sans jamais être affecté par le temps. Sa présence est plus ressentie qu’entendue, comme un souffle froid ou un vent puissant qui descend des cimes.

Il ne connaît ni la séduction, ni les passions ardentes, car son essence est celle de la stabilité et de la solitude. Ouréa inspire le respect et la crainte par sa grandeur, par la sensation d’être minuscule face à l’immensité des roches, des falaises et des pics qu’il incarne. Il peut se montrer bienveillant envers ceux qui affrontent ses hauteurs avec courage et humilité, offrant une protection discrète ou une sagesse silencieuse. Mais quiconque ose le défier ou profaner ses sommets ressentira sa colère, souvent exprimée par des éboulements, des tempêtes ou des sentiers invisibles qui se perdent.

Ouréa est profondément sauvage, indompté, lié aux bêtes des hauteurs, aux neiges éternelles et aux vents coupants. Il apprécie la solitude et le calme, éloigné du tumulte des cités, mais se réjouit des âmes qui cherchent dans la montagne la purification ou la révélation. Sa personnalité, à la fois impassible et protectrice, rappelle que la force véritable ne se crie pas, elle s’impose par sa simple présence, comme les montagnes qui ont toujours été là et seront là bien après la fin des hommes.","Ouréa, dieux des montagnes","Ourea, gods of the mountains","montagnes, hauteur, force, stabilité, rocher, éternité, nature, paysage, isolement, grandeur, protection, silence, pureté, majesté, barrière, puissance",Embodied as mountains,Mountains,Slate gray,,"Ourea, gods of the mountains, humanoid figure made of rock and snow, slate gray hair, cloudy sky background",https://cdn.midjourney.com/e00811c5-3fec-4f03-86c0-777fd297045b/0_0.png,Grècque/Protogonos,,
Grècque,Protogonos,Phanès,Phanes,dieu de la procréation dans la tradition orphique.,"Phanès est une divinité primordiale, éclatante et insaisissable, incarnation de la lumière originelle et de l’élan vital qui donne naissance à toute chose. Il n’est ni totalement masculin ni féminin, mais une fusion des deux principes, porteur de toutes les potentialités de la création. Sa personnalité est celle d’un être mystérieux, auréolé d’une puissance tranquille, presque abstraite, car il n’incarne pas la passion ou les émotions humaines, mais la pure force de l’existence qui se déploie.

Il est à la fois créateur et principe ordonnateur, maître du chaos qu’il illumine pour faire émerger la vie. Son éclat n’est pas seulement physique : il émane de lui une énergie vibrante, magnétique, qui inspire autant de crainte que de vénération. Phanès est profondément solitaire, car il n’a pas besoin des autres dieux pour exister ou pour affirmer sa puissance ; il est l’origine, la source, celui dont les autres entités dépendent pour se manifester.

Sa nature est énigmatique et changeante, comme un être cosmique en perpétuel mouvement, capable d’englober à la fois l’ordre et le désordre, la naissance et la destruction, puisqu’il détient le secret de tous les cycles. Il ne se laisse jamais enfermer dans une forme fixe : son esprit est libre, pur, infiniment créatif, et il ne connaît pas les limites ou les interdits. Phanès ne séduit pas, il ne gouverne pas par la ruse ou par la force, mais par le simple fait qu’il est la première lumière, la révélation de l’être, le principe vivant qui précède toute chose.","Phanès, entité de la création","Phanes, entity of creation","création, lumière, naissance, origine, cosmos, beauté, harmonie, émergence, fertilité, espoir, éternité, éclat, révélation, vie, mystère, ordre","Winged, radiant, androgynous being","Serpent, cosmic egg",Opalescent ,,"Phanes, entity of creation, radiant winged androgynous being, holding a cosmic egg, opalescent hair, black background",https://cdn.midjourney.com/184d9e47-74a5-450c-8680-4c0529ce8b8b/0_2.png,Grècque/Protogonos,,
Grècque,Protogonos,Pontos,Pontus,"dieu primordial de la mer, père des poissons et des autres créatures marines. Fils de Gaïa.","Pontos est une divinité ancienne, silencieuse et immuable, incarnation pure de l’océan dans sa dimension la plus originelle. Il est la mer avant qu’elle ne devienne un royaume, avant Poséidon, avant les tempêtes nommées ou les ports humains. Sa personnalité est profonde et insondable, comme les abysses qu’il gouverne. Il n’est ni coléreux ni bienveillant par nature : il existe, vaste, éternel, indifférent aux querelles des dieux et aux drames des mortels.

En lui se trouvent toutes les facettes de la mer : la sérénité des eaux calmes, la puissance des courants invisibles, l’étrangeté des créatures marines qu’il a engendrées. Pontos est un créateur silencieux, donnant naissance sans éclat aux poissons, aux monstres, aux êtres qui vivent dans l’ombre et le mystère des profondeurs. Il ne cherche ni l’adoration ni le pouvoir, car il n’a pas besoin de reconnaissance : il est l’élément même, brut et éternel.

Son caractère est distant, presque impénétrable, mais en lui réside une sagesse archaïque, celle des forces primordiales qui existaient avant l’ordre olympien. Il est le souvenir de la mer dans son état sauvage, libre de toute loi divine, indomptée et infinie. Parfois, il se manifeste par des murmures dans les vagues ou des remous dans les abysses, mais jamais pour se lier aux affaires humaines. Pontos est une présence, une immensité froide et majestueuse, qui inspire autant de crainte que de fascination.","Pontos, dieu de la mer profonde","Pontus, god of the deep sea","mer, profondeur, puissance, océan, marée, mystère, navigation, immensité, poissons, vagues, nature, isolement, vie, danger, fluidité, tempêtes","Sea god, bearded and aquatic","Waves, sea creatures",Dark teal ,,"Pontus, god of the deep sea, aquatic bearded figure with seaweed, dark teal hair, deep sea blue background",https://cdn.midjourney.com/6bac947a-b6c3-4804-b4ff-c9a41737c8bd/0_2.png,Grècque/Protogonos,,
Grècque,Protogonos,Tartare,Tartarus,"dieu primordial de la partie la plus sombre et la plus profonde des enfers, puits sombre de l'hadès : le Tartare. Père de Typhon.","Tartare est une entité primordiale, plus une force qu’un dieu au sens classique, incarnant la profondeur insondable, l’obscurité absolue et l’enfermement éternel. Il n’est pas fait de lumière ou de beauté mais de densité, de silence écrasant et d’un temps qui ne s’écoule pas. Sa personnalité est froide, implacable, sans trace de compassion, car il est l’essence même du gouffre, le lieu où tout est brisé, où la lumière, l’espoir et les cris s’éteignent.

Il n’est ni colérique ni bienveillant ; il est l’ordre brut du monde souterrain, un abîme qui avale les titans et les âmes condamnées. Sa nature est stable et immuable, indifférente aux dieux comme aux hommes, car il existait avant eux et existera après leur disparition. Il inspire une peur archaïque, une terreur qui ne vient pas de la colère ou de la haine, mais de l’absence totale de pitié ou de sortie possible.

Père de Typhon, il porte en lui la graine de la rébellion et du chaos, car du fond de l’ombre naissent les forces capables d’ébranler l’Olympe. Il ne se manifeste pas comme une figure anthropomorphique mais comme une présence écrasante, une profondeur sans fond, un vide vivant qui engloutit la lumière et dévore tout ce qui tente de s’y aventurer.

Tartare n’est pas un juge comme Hadès, ni un bourreau ; il est le lieu, la substance même de la prison éternelle, un mur impénétrable de ténèbres qui ne connaît ni la douleur ni la clémence. Dans son essence, il est le rappel que sous toute création existe un abîme, une limite ultime que rien ne peut franchir ou défier.","Tartare, entité des abîmes","Tartarus, entity of the abyss","enfer, abîme, punition, chaos, noirceur, prison, fin, éternité, mort, peur, souterrain, damnation, limite, destruction, enfer éternel, châtiment","Abyssal pit, rarely personified","Chasm, chains",Abyssal black ,,"Tartarus, entity of the abyss, chained shadow figure, abyssal black hair, fiery red background",https://cdn.midjourney.com/c73baa0c-cb8d-4249-8c5a-23cde50c9027/0_2.png,Grècque/Protogonos,,
Grècque,Protogonos,Thalassa,Thalassa,"esprit primordial de la mer, épouse de Pontos.","Thalassa incarne la mer dans sa dimension la plus pure et la plus originelle, un esprit ancien et silencieux, plus proche de la force élémentaire que de la divinité anthropomorphe. Elle est la mer calme et profonde, infiniment patiente, indifférente aux passions des mortels et des dieux. Mystérieuse et impassible, elle n’a pas la séduction turbulente d’Aphrodite née des flots, mais plutôt la sagesse froide et l’immensité inébranlable de l’océan qui existait avant les hommes.

Sa personnalité est celle d’un être tranquille en surface, mais insondable et imprévisible en profondeur. Elle peut se montrer douce, nourricière et apaisante, berçant les marins et offrant ses ressources à ceux qui la respectent. Pourtant, elle est aussi capable d’une colère muette et redoutable : lorsqu’elle se déchaîne, c’est sans passion ni haine, mais avec la puissance impersonnelle d’une tempête, rappelant qu’elle est une force de la nature et non une alliée des faibles.

Épouse de Pontos, elle partage avec lui un lien d’unité et de permanence, un amour non pas fondé sur le désir, mais sur une compréhension silencieuse de l’éternité et des cycles cosmiques. Thalassa est étrangère aux querelles des dieux olympiens, trop ancienne pour se mêler à leurs intrigues. Elle observe, distante, les éphémères drames des créatures terrestres, consciente que, tôt ou tard, tout retourne à la mer.

Elle n’est pas une déesse qui cherche l’adoration : elle se suffit à elle-même, calme et profonde, un miroir de la vie et de la mort. Sa beauté n’est pas éclatante mais hypnotique, semblable au scintillement du soleil sur les vagues ou à la couleur changeante des abysses. Dans son essence, Thalassa est la mémoire liquide du monde, une présence éternelle qui engloutit, préserve et transforme sans jamais juger.","Thalassa, déesse de la mer","Thalassa, goddess of the sea","mer, vagues, océan, fluidité, navigation, fertilité, nature, vie, profondeur, voyage, mystère, rivage, beauté, immensité, calme, tempêtes",Woman with seaweed hair or fish features,"Fish, sea symbols",Turquoise ,,"Thalassa, goddess of the sea, woman with fish features and seaweed hair, turquoise hair, sandy beach background",https://cdn.midjourney.com/3bcf9238-ca75-42f4-b9e5-351c9fdb96e4/0_0.png,Grècque/Protogonos,,
Grècque,Protogonos,Thanatos,Thanatos,"dieu de la mort naturelle et de la mortalité, ministre de l'hadès ; frère de Hypnos et de Moros. Fils de Nyx.","Thanatos incarne une présence silencieuse, implacable et inéluctable, dépourvue de cruauté mais aussi de compassion excessive. Il est la personnification de la mort douce et naturelle, celle qui survient comme un sommeil profond après la fatigue de la vie. Contrairement aux figures violentes ou terrifiantes de la mort, il n’est ni sadique ni sanguinaire ; il agit avec une sérénité presque apaisante, comme un gardien de l’équilibre qui veille à ce que tout être rejoigne sa fin au moment opportun.

Son caractère est calme, grave et distant, marqué par une sagesse ancestrale qu’il partage rarement. Il ne se laisse pas influencer par les prières ou les lamentations, car il incarne une loi universelle qui échappe aux émotions. Pourtant, il n’est pas insensible : il comprend la douleur des vivants, mais sait que la mort n’est pas une malédiction, seulement une étape nécessaire. Cette lucidité le rend énigmatique, parfois perçu comme froid, alors qu’il est en réalité un reflet de la paix ultime.

Frère d’Hypnos, il partage avec lui une aura d’apaisement ; on dit que lorsqu’il approche, les êtres vivants ressentent un calme étrange, un détachement des peurs et des souffrances. Sa proximité avec Moros, le destin inévitable, renforce son rôle d’instrument de ce qui doit être, sans caprice ni colère.

Thanatos ne cherche ni la gloire ni le pouvoir ; il se tient à l’écart des intrigues divines, accomplissant sa tâche avec une précision infaillible. Il est l’ombre discrète que l’on ne remarque qu’au dernier moment, mais qui, en vérité, a toujours été présente, attendant avec une patience infinie. Il incarne une forme de dignité austère, une acceptation de la fin qui n’a rien de brutal, mais qui impose un respect silencieux, comme le dernier souffle d’un monde qui s’éteint paisiblement.","Thanatos, dieu de la mort","Thanatos, god of death","mort, fin, repos, silence, nuit, délivrance, paix, destin, passage, peur, éternité, esprit, inévitable, froideur, oubli, soulagement","Youthful or winged figure, dark or pale","Inverted torch, sword, poppies",Pale silver ,,"Thanatos, god of death, youthful winged figure, pale silver hair, dark gray background",https://cdn.midjourney.com/3fbf753b-9cf6-4197-91c7-330cf53e9662/0_2.png,Grècque/Protogonos,,